{"cameraMode":{"drawMode":0,"name":"Shaded","section":"Shading Mode"},"sceneLighting":false,"audioPlay":false,"sceneViewState":{"m_AlwaysRefresh":false,"showFog":false,"showSkybox":false,"showFlares":false,"showImageEffects":false,"showParticleSystems":false,"showVisualEffectGraphs":true,"m_FxEnabled":true},"in2DMode":false,"pivot":{"x":-0.040534064173698428,"y":1.3569272756576539,"z":0.0422983318567276},"rotation":{"x":0.039539262652397159,"y":0.9554165601730347,"z":-0.1505689173936844,"w":0.25089147686958315},"size":0.7247565984725952,"orthographic":false}